model,MAE,RMSE
pooled_xgb,2.5217885143459187,4.669116841131833
